months_as_member,weight,days_before,day_of_week,time,category,target
15,65.47,6,Wed,AM,HIIT,Yes
18,77.85,8,Thu,AM,Strength,Yes
13,67.26,10,Fri,AM,Cycling,No
7,86.7,12,Sat,AM,HIIT,No
5,135.18,8,Thu,AM,HIIT,No
12,68.82,2,Mon,AM,HIIT,No
27,74.64,10,Fri,AM,Yoga,Yes
10,75.19,10,Fri,AM,Yoga,No
8,83.73,10,Fri,AM,Yoga,No
20,78.7,12,Sat,AM,Cycling,Yes
23,82.96,8,Thu,AM,Strength,Yes
11,87.37,3,Mon,PM,HIIT,No
8,93.09,14,Sun,AM,Cycling,No
6,81.43,5,Wed,PM,HIIT,No
17,74.57,3,Mon,AM,Cycling,No
7,82.26,3,Mon,PM,Strength,No
8,87.76,2,Mon,PM,HIIT,No
23,85.39,4,Tue,AM,Cycling,Yes
6,91.61,12,Fri,PM,Cycling,No
19,69.65,2,Mon,AM,Yoga,No
59,72.38,7,Wed,PM,Cycling,Yes
15,80.28,14,Sun,AM,HIIT,No
30,69.49,1,Mon,PM,HIIT,Yes
22,74.2,9,Thu,PM,Cycling,Yes
19,81.53,8,Thu,AM,HIIT,Yes
18,70.39,12,Sat,AM,HIIT,Yes
17,67.91,12,Sat,AM,Strength,No
14,80.12,2,Mon,AM,Strength,Yes
13,98.4,6,Wed,PM,HIIT,No
7,78.27,8,Thu,PM,Strength,No
36,66.3,10,Fri,AM,HIIT,Yes
21,64.96,14,Sun,AM,HIIT,Yes
24,63.79,11,Fri,AM,Yoga,No
8,71.45,7,Wed,PM,Cycling,No
27,68.72,12,Sat,AM,Strength,Yes
7,97.55,13,Wed,PM,Cycling,No
41,73.23,14,Sun,AM,Yoga,Yes
13,92.71,8,Thu,AM,Cycling,No
16,79.54,11,Fri,AM,Aqua,Yes
5,94.7,6,Wed,AM,HIIT,No
18,74.09,13,Sun,PM,Cycling,Yes
17,69.39,13,Sat,AM,Yoga,No
4,,14,Sun,AM,Cycling,Yes
4,,7,Thu,PM,Cycling,No
19,76.36,10,Fri,AM,Strength,No
6,93.79,12,Sat,AM,Strength,No
4,88.17,2,Mon,AM,Cycling,No
7,80.65,12,Sat,AM,HIIT,No
17,101.27,2,Mon,AM,HIIT,No
8,118.88,6,Wed,AM,Cycling,No
4,117.81,2,Mon,AM,Yoga,No
7,89.32,10,Fri,AM,HIIT,No
9,75.12,1,Mon,PM,HIIT,No
14,88.48,8,Thu,PM,Cycling,No
17,81.36,7,Thu,PM,HIIT,Yes
50,71.86,11,Sat,PM,HIIT,Yes
18,79.57,2,Mon,AM,Strength,No
5,96.85,10,Fri,AM,Yoga,No
11,83.92,10,Fri,AM,Cycling,No
19,82.38,3,Tue,PM,Strength,No
19,75.78,3,Tue,PM,Cycling,No
14,82.03,2,Mon,AM,Strength,Yes
48,82.1,10,Fri,AM,HIIT,Yes
8,72.63,14,Sun,PM,Strength,Yes
14,75.69,5,Tue,PM,Strength,No
17,68.3,8,Thu,PM,Cycling,Yes
13,78.52,13,Sat,AM,Strength,No
20,90.68,10,Fri,AM,Cycling,No
4,97.16,4,Tue,PM,HIIT,No
52,69.34,10,Fri,AM,HIIT,Yes
36,74.73,10,Fri,AM,HIIT,Yes
22,73.15,2,Mon,AM,Cycling,Yes
11,76.97,2,Mon,AM,Cycling,No
22,71.87,4,Tue,AM,HIIT,Yes
6,88.74,4,Tue,AM,HIIT,No
12,92.52,8,Thu,AM,Strength,No
18,79.35,8,Thu,AM,Cycling,No
20,71.28,4,Tue,AM,Cycling,No
17,82.26,13,Sun,PM,HIIT,No
11,,5,Wed,PM,Cycling,No
5,102.23,8,Thu,AM,Cycling,No
27,98.91,12,Sat,AM,Yoga,Yes
10,77.81,5,Tue,PM,Cycling,Yes
12,77.72,10,Fri,AM,HIIT,No
17,72.14,12,Sat,AM,Yoga,Yes
20,76.07,4,Tue,AM,HIIT,No
13,71.74,14,Sun,PM,Yoga,No
9,78.28,6,Wed,PM,Strength,No
8,90.22,8,Thu,AM,Strength,No
12,89.71,4,Tue,AM,Strength,Yes
15,70.98,6,Wed,AM,Yoga,No
12,77.03,10,Fri,AM,HIIT,No
26,74.57,2,Mon,AM,HIIT,Yes
16,87.64,6,Wed,PM,HIIT,No
15,88.37,14,Sun,AM,HIIT,No
18,93.91,10,Fri,AM,Cycling,Yes
11,78.77,4,Tue,PM,HIIT,No
15,71.99,10,Fri,AM,HIIT,No
9,83.06,10,Fri,AM,Cycling,No
6,100.82,14,Sun,AM,Cycling,No
24,76.25,14,Sun,AM,Strength,Yes
27,77.96,10,Fri,AM,Cycling,No
29,68.39,14,Sun,AM,Strength,Yes
25,71.24,4,Tue,PM,Strength,No
7,77.92,8,Thu,AM,Cycling,No
6,108.2,8,Wed,PM,Strength,No
16,67.53,8,Thu,AM,Yoga,No
6,72.05,2,Mon,AM,HIIT,No
12,91.74,10,Fri,AM,Strength,No
4,89.51,4,Tue,AM,Cycling,No
10,91.73,8,Thu,AM,Strength,No
12,106.37,6,Wed,AM,Cycling,No
25,74.67,2,Mon,AM,HIIT,No
10,81.69,8,Thu,AM,HIIT,No
76,58.68,15,Sun,PM,HIIT,Yes
21,83.6,10,Fri,AM,Cycling,Yes
22,63.16,2,Mon,AM,Strength,Yes
30,78.41,12,Sat,AM,HIIT,Yes
27,83.32,8,Thu,AM,Yoga,Yes
11,106.15,10,Fri,AM,Cycling,Yes
22,67.24,12,Sat,AM,Cycling,No
11,87.24,8,Thu,AM,HIIT,Yes
4,88.08,10,Fri,AM,Strength,No
9,73.89,12,Sat,AM,Cycling,No
21,73.99,10,Fri,AM,Yoga,Yes
10,76.58,8,Thu,AM,Yoga,No
12,89.8,10,Fri,AM,Aqua,No
7,82.96,2,Mon,AM,HIIT,No
11,76.82,4,Tue,PM,HIIT,No
5,95.52,10,Fri,AM,HIIT,Yes
23,88.97,10,Fri,AM,Cycling,No
14,69.0,14,Sun,AM,Cycling,Yes
14,95.6,14,Sun,AM,HIIT,Yes
6,105.12,2,Mon,AM,Yoga,No
6,88.92,14,Sun,AM,HIIT,No
9,82.42,14,Sun,AM,HIIT,Yes
4,89.38,11,Fri,AM,Strength,No
11,79.68,10,Fri,AM,HIIT,No
9,76.1,4,Tue,AM,HIIT,No
20,70.41,8,Thu,AM,Aqua,No
10,74.58,12,Sat,AM,Cycling,No
13,77.83,2,Mon,AM,Aqua,No
26,71.87,10,Fri,AM,Strength,Yes
29,68.31,2,Mon,AM,Yoga,Yes
12,81.96,2,Mon,PM,Cycling,No
6,85.35,2,Mon,AM,Strength,No
23,74.51,14,Sun,AM,Yoga,Yes
9,100.57,8,Thu,PM,Cycling,No
14,84.25,8,Thu,AM,Strength,Yes
15,85.42,12,Sat,AM,Strength,No
5,89.07,6,Wed,AM,Cycling,No
27,91.63,2,Mon,AM,Cycling,No
31,64.05,10,Thu,PM,Strength,No
13,94.71,14,Sun,AM,HIIT,No
6,100.43,10,Thu,PM,Aqua,No
19,80.26,12,Sat,AM,HIIT,No
9,94.24,6,Wed,AM,Strength,No
32,84.76,2,Mon,AM,Cycling,No
7,81.54,10,Thu,PM,Cycling,No
9,112.15,10,Fri,AM,HIIT,No
6,101.7,5,Tue,PM,Aqua,No
20,83.41,14,Sun,AM,Cycling,Yes
14,70.03,2,Mon,AM,Cycling,No
48,66.51,8,Thu,AM,Aqua,Yes
7,84.72,12,Sat,AM,Strength,No
8,71.49,10,Fri,AM,HIIT,No
7,77.8,10,Fri,AM,Aqua,No
11,98.58,14,Sun,PM,Aqua,No
14,79.27,11,Fri,AM,Cycling,No
14,77.98,7,Wed,PM,Strength,No
34,68.83,10,Fri,AM,Yoga,Yes
30,65.6,9,Fri,PM,Cycling,No
9,73.42,12,Sat,AM,HIIT,No
10,82.74,14,Sun,AM,Cycling,Yes
28,70.77,12,Sat,AM,HIIT,Yes
9,75.63,12,Sat,AM,HIIT,No
9,75.46,14,Sun,AM,Yoga,No
14,69.48,10,Fri,AM,HIIT,No
14,,1,Mon,PM,Aqua,No
7,94.0,10,Fri,AM,HIIT,No
7,82.81,16,Sun,PM,HIIT,No
26,103.79,13,Sat,PM,HIIT,Yes
15,104.16,11,Fri,AM,HIIT,No
1,88.75,4,Tue,AM,Cycling,No
14,82.93,10,Fri,AM,HIIT,Yes
25,79.99,4,Tue,AM,Cycling,Yes
11,94.38,4,Tue,PM,HIIT,No
13,83.43,2,Mon,AM,Cycling,Yes
11,70.23,14,Sun,AM,Strength,No
19,67.27,6,Wed,PM,HIIT,Yes
11,85.85,12,Thu,PM,Cycling,No
13,73.16,6,Wed,PM,HIIT,Yes
24,64.51,14,Sun,AM,HIIT,Yes
6,82.63,12,Sat,AM,HIIT,No
32,67.75,2,Mon,AM,HIIT,No
12,65.51,4,Tue,AM,HIIT,No
27,62.32,8,Thu,PM,HIIT,Yes
13,81.01,6,Wed,PM,Strength,Yes
7,79.14,14,Sun,AM,HIIT,No
10,99.92,10,Fri,AM,Strength,No
57,68.87,9,Thu,PM,HIIT,Yes
19,61.77,10,Fri,AM,HIIT,Yes
10,69.85,2,Mon,AM,Cycling,No
21,71.45,2,Mon,AM,HIIT,No
13,73.16,10,Fri,AM,Strength,No
33,73.91,14,Sun,AM,Cycling,Yes
17,89.54,12,Sat,AM,HIIT,No
19,79.35,12,Sat,AM,Strength,No
18,81.2,12,Sat,AM,Cycling,Yes
5,112.43,3,Tue,PM,HIIT,No
10,100.44,8,Thu,AM,Aqua,No
6,72.65,14,Sun,AM,Cycling,No
39,74.52,6,Wed,PM,Strength,Yes
8,78.23,4,Tue,PM,HIIT,No
16,82.66,10,Fri,AM,Aqua,No
27,76.99,12,Sat,AM,Cycling,Yes
25,79.19,2,Mon,AM,HIIT,Yes
5,122.36,10,Fri,AM,Yoga,No
5,85.07,10,Fri,AM,HIIT,No
8,98.92,10,Fri,AM,Aqua,No
93,64.42,12,Sat,AM,Strength,Yes
7,90.71,15,Sun,PM,Aqua,Yes
15,76.65,8,Thu,PM,HIIT,No
13,89.18,4,Tue,AM,HIIT,No
13,72.34,12,Sat,AM,HIIT,No
12,79.07,10,Fri,AM,HIIT,Yes
8,79.96,4,Tue,AM,HIIT,Yes
3,100.9,10,Fri,AM,HIIT,No
8,101.45,12,Sat,AM,Cycling,No
8,85.33,14,Sun,AM,Strength,No
13,82.63,10,Fri,AM,HIIT,Yes
7,90.6,12,Sat,AM,-,No
36,72.07,12,Sat,AM,Cycling,Yes
9,106.16,6,Tue,PM,Cycling,No
6,98.25,4,Tue,AM,Cycling,No
66,74.76,12,Sat,AM,Strength,Yes
19,63.11,8,Thu,AM,Yoga,No
5,105.72,10,Fri,PM,Yoga,No
16,87.83,10,Fri,AM,HIIT,No
12,82.28,8,Thu,AM,HIIT,No
50,68.92,2,Mon,AM,Cycling,Yes
10,83.46,10,Fri,AM,Strength,No
15,88.18,2,Mon,AM,HIIT,No
4,113.86,4,Tue,AM,HIIT,No
41,69.26,4,Tue,AM,HIIT,Yes
7,95.71,13,Sun,PM,HIIT,No
11,70.18,8,Thu,AM,HIIT,No
12,83.52,10,Fri,AM,Yoga,No
13,71.23,14,Sun,PM,Yoga,No
11,78.02,10,Fri,AM,Strength,No
30,66.57,10,Fri,AM,Cycling,Yes
3,97.88,4,Tue,AM,Aqua,No
16,81.9,9,Thu,AM,HIIT,Yes
5,89.14,13,Sun,PM,Strength,No
6,99.08,2,Mon,AM,Cycling,No
12,78.93,6,Wed,AM,Strength,No
14,72.91,12,Sat,AM,Yoga,Yes
15,100.25,4,Tue,AM,Cycling,No
5,92.58,4,Tue,AM,Yoga,No
12,71.94,12,Sat,AM,HIIT,Yes
15,72.18,4,Tue,AM,HIIT,No
17,76.61,13,Sat,AM,Cycling,Yes
9,86.65,4,Tue,PM,Strength,Yes
14,68.83,6,Wed,PM,HIIT,No
17,70.46,10,Fri,AM,HIIT,Yes
10,87.59,10,Fri,AM,HIIT,Yes
61,73.69,10,Fri,AM,HIIT,Yes
35,72.7,10,Fri,AM,Cycling,Yes
12,113.45,12,Sat,AM,Cycling,No
7,90.83,10,Fri,AM,Cycling,No
18,78.63,7,Wed,PM,Cycling,No
19,72.23,10,Fri,AM,Yoga,No
9,88.49,12,Sat,AM,HIIT,Yes
7,85.46,9,Wed,PM,HIIT,No
8,68.34,12,Sat,PM,Aqua,No
41,71.94,12,Sat,AM,HIIT,Yes
38,77.69,9,Thu,PM,HIIT,No
13,66.53,4,Tue,AM,Yoga,No
14,85.02,4,Tue,PM,Cycling,No
9,80.63,12,Sat,AM,HIIT,No
12,74.04,4,Tue,PM,-,No
10,99.68,14,Sun,AM,Cycling,No
17,91.63,10,Fri,AM,Yoga,Yes
5,103.17,12,Sat,AM,-,No
8,85.12,6,Wed,AM,HIIT,Yes
6,100.13,4,Tue,AM,HIIT,No
15,79.02,12,Sat,AM,Strength,No
13,83.47,6,Wed,AM,Yoga,No
11,85.79,8,Thu,PM,Yoga,No
9,71.88,14,Sun,AM,Cycling,No
13,93.42,8,Thu,AM,HIIT,Yes
4,80.76,8,Thu,PM,HIIT,Yes
34,64.52,14,Sun,AM,Yoga,Yes
4,104.25,8,Thu,AM,Strength,No
8,88.98,2,Mon,PM,Cycling,No
14,85.6,8,Thu,PM,HIIT,Yes
22,73.51,14,Sun,AM,HIIT,Yes
5,82.14,4,Tue,AM,HIIT,No
25,72.89,15,Sun,PM,HIIT,Yes
11,88.68,2,Mon,PM,HIIT,No
6,79.07,4,Tue,AM,HIIT,No
28,72.4,4,Tue,AM,Strength,No
9,80.46,8,Thu,AM,HIIT,No
8,86.34,10,Fri,AM,HIIT,No
6,111.16,10,Fri,AM,Cycling,No
5,88.39,14,Sun,AM,Strength,No
15,77.79,4,Tue,AM,Yoga,No
16,77.38,14,Sun,AM,HIIT,Yes
15,80.04,15,Sun,AM,HIIT,Yes
19,70.68,4,Tue,PM,Cycling,No
11,88.32,6,Wed,PM,HIIT,No
27,65.59,10,Fri,AM,Strength,Yes
15,66.77,4,Tue,AM,Strength,No
17,92.08,8,Thu,AM,HIIT,No
14,69.0,8,Thu,AM,Cycling,Yes
39,61.42,4,Tue,AM,Strength,Yes
3,170.52,14,Sun,AM,Yoga,No
14,74.33,6,Wed,AM,HIIT,No
7,105.2,14,Sun,PM,HIIT,No
12,72.15,10,Fri,AM,Aqua,Yes
5,110.25,2,Mon,AM,HIIT,No
5,110.29,16,Sun,PM,HIIT,No
13,78.87,8,Thu,AM,Yoga,Yes
7,84.64,9,Thu,PM,HIIT,No
4,102.92,12,Sat,AM,HIIT,No
6,83.66,4,Tue,AM,Cycling,Yes
17,86.53,7,Thu,PM,Cycling,No
5,99.41,2,Mon,AM,HIIT,No
12,78.05,2,Mon,AM,Aqua,No
13,80.77,12,Sat,AM,Cycling,Yes
12,79.13,2,Mon,AM,HIIT,No
7,100.89,8,Thu,AM,Yoga,Yes
21,79.51,10,Fri,AM,HIIT,No
7,81.92,2,Mon,AM,Strength,No
7,81.38,10,Fri,AM,Cycling,No
4,116.17,14,Sun,AM,HIIT,No
17,74.87,2,Mon,AM,HIIT,Yes
12,79.79,2,Mon,AM,HIIT,No
9,84.72,10,Fri,AM,Yoga,Yes
8,86.4,2,Mon,AM,Cycling,No
25,80.15,10,Fri,AM,Cycling,No
21,73.59,4,Tue,AM,HIIT,Yes
6,95.25,12,Sat,AM,HIIT,No
22,73.89,4,Tue,AM,HIIT,No
65,60.62,12,Sat,AM,HIIT,Yes
9,90.76,12,Sat,PM,HIIT,No
89,73.41,8,Thu,AM,HIIT,Yes
8,91.17,12,Thu,PM,Yoga,No
10,97.99,10,Fri,AM,Strength,No
16,74.33,10,Fri,AM,HIIT,Yes
8,84.87,2,Mon,AM,Strength,No
43,63.19,8,Thu,AM,HIIT,Yes
19,98.71,14,Sun,AM,HIIT,No
43,75.68,7,Tue,PM,Strength,No
8,94.26,10,Fri,AM,Yoga,No
18,78.39,14,Sun,AM,Yoga,Yes
3,86.95,14,Sun,AM,HIIT,No
17,68.55,8,Thu,AM,HIIT,Yes
20,76.53,6,Wed,AM,Cycling,Yes
13,78.59,2,Mon,AM,Strength,Yes
24,79.64,5,Tue,PM,HIIT,Yes
10,75.63,4,Tue,PM,Strength,No
12,80.08,10,Fri,AM,HIIT,Yes
3,90.34,10,Fri,AM,HIIT,No
3,88.66,8,Thu,AM,HIIT,No
11,87.13,14,Sun,AM,HIIT,No
25,70.8,13,Sat,PM,HIIT,Yes
4,102.47,8,Thu,AM,Strength,No
10,81.56,14,Sun,AM,Strength,No
22,78.16,12,Sat,PM,HIIT,Yes
60,68.02,12,Sat,AM,Cycling,Yes
30,64.29,12,Sat,AM,Strength,Yes
5,89.44,4,Tue,AM,Yoga,No
8,105.3,2,Mon,AM,HIIT,No
21,84.98,2,Mon,AM,HIIT,No
7,80.18,8,Thu,AM,Strength,No
17,80.4,14,Sun,PM,Cycling,Yes
21,95.85,8,Thu,AM,HIIT,Yes
20,63.74,2,Mon,AM,Cycling,Yes
8,82.63,12,Sat,AM,HIIT,No
4,107.11,10,Fri,AM,Cycling,No
12,81.62,10,Fri,AM,HIIT,No
3,92.28,14,Sun,AM,HIIT,No
11,66.38,15,Sun,AM,Yoga,No
28,64.23,4,Tue,AM,Strength,No
7,87.52,6,Wed,PM,Strength,No
19,63.45,2,Mon,AM,Strength,Yes
6,94.48,1,Mon,PM,HIIT,Yes
8,75.14,2,Mon,AM,HIIT,No
8,84.78,12,Sat,AM,Strength,No
8,77.18,12,Sat,AM,HIIT,No
4,96.79,8,Thu,PM,HIIT,No
15,73.72,12,Sat,AM,Cycling,No
9,107.75,10,Thu,PM,HIIT,No
7,104.79,10,Fri,AM,HIIT,No
22,92.92,2,Mon,AM,Aqua,Yes
7,89.94,8,Thu,AM,HIIT,No
25,68.49,8,Thu,AM,HIIT,Yes
22,70.97,10,Fri,AM,-,No
21,68.06,10,Fri,AM,Cycling,Yes
26,84.52,12,Sat,AM,Yoga,Yes
15,96.49,14,Sun,AM,Yoga,No
22,68.29,12,Sat,AM,HIIT,Yes
11,136.02,2,Mon,AM,HIIT,No
13,74.59,3,Tue,PM,Cycling,Yes
41,73.9,8,Thu,AM,HIIT,No
17,67.71,8,Thu,AM,Cycling,No
6,87.32,14,Sun,PM,HIIT,No
53,61.1,10,Fri,AM,HIIT,Yes
14,86.97,10,Fri,AM,Strength,No
8,79.06,11,Sat,PM,Strength,No
13,95.72,4,Tue,AM,HIIT,Yes
24,72.74,10,Fri,AM,Cycling,Yes
14,69.35,20,Sun,PM,HIIT,Yes
6,101.59,4,Tue,PM,Cycling,No
25,87.35,15,Sun,PM,Cycling,Yes
9,73.07,8,Thu,AM,HIIT,No
5,84.07,2,Mon,AM,HIIT,No
29,68.63,8,Thu,PM,HIIT,Yes
5,86.21,3,Mon,AM,HIIT,No
4,103.25,14,Sun,AM,HIIT,No
12,73.33,2,Mon,AM,Cycling,No
20,78.1,12,Sat,AM,Yoga,Yes
12,75.1,14,Sun,AM,Cycling,Yes
11,85.33,4,Tue,AM,Cycling,No
22,72.47,2,Mon,AM,HIIT,Yes
5,84.93,8,Thu,AM,Cycling,No
12,92.47,6,Tue,PM,Strength,No
24,67.71,12,Sat,AM,Cycling,Yes
13,73.52,14,Sun,AM,Strength,Yes
4,78.62,12,Sat,AM,HIIT,No
15,75.7,2,Mon,AM,Cycling,No
11,69.73,14,Sun,PM,Cycling,No
5,114.17,2,Mon,AM,Strength,No
6,74.58,2,Mon,AM,Strength,No
20,83.84,8,Thu,AM,Cycling,Yes
17,90.19,12,Sat,PM,HIIT,No
38,69.36,4,Tue,AM,Strength,No
6,111.44,10,Fri,AM,Aqua,No
17,72.1,7,Thu,PM,HIIT,No
19,84.1,3,Mon,AM,HIIT,No
19,62.4,10,Fri,AM,HIIT,Yes
10,93.92,11,Sat,PM,Yoga,No
23,66.3,10,Fri,AM,Cycling,Yes
42,59.97,10,Fri,AM,Yoga,Yes
12,60.28,2,Mon,AM,Strength,Yes
19,72.1,5,Tue,PM,Cycling,No
8,78.59,3,Tue,PM,HIIT,No
5,107.06,10,Fri,AM,Yoga,No
34,68.64,14,Sun,AM,Aqua,No
66,61.01,5,Tue,AM,Aqua,Yes
5,94.55,3,Tue,PM,Strength,No
12,80.28,14,Sun,AM,Cycling,No
17,80.49,4,Tue,PM,Cycling,No
16,65.81,5,Wed,PM,Aqua,No
15,101.58,8,Thu,AM,HIIT,No
51,74.81,10,Fri,AM,-,Yes
44,67.44,6,Wed,AM,Yoga,Yes
13,73.22,4,Tue,AM,Cycling,No
24,62.76,7,Wed,PM,HIIT,No
12,80.07,10,Fri,AM,Strength,No
14,88.33,12,Sat,AM,HIIT,No
6,87.32,4,Tue,PM,HIIT,No
14,79.4,10,Fri,AM,Cycling,No
26,63.81,12,Sat,AM,Strength,Yes
33,65.27,14,Sun,AM,Strength,No
12,65.59,4,Tue,AM,Strength,No
27,66.27,14,Sun,AM,Yoga,Yes
11,,9,Thu,AM,HIIT,No
8,94.46,10,Fri,AM,Cycling,No
8,104.33,14,Sun,AM,HIIT,No
18,75.51,2,Mon,AM,HIIT,No
15,71.06,2,Mon,AM,Yoga,Yes
14,83.35,8,Thu,AM,HIIT,No
9,81.55,8,Thu,PM,Cycling,No
20,85.93,14,Sun,AM,HIIT,No
4,93.8,14,Sun,AM,Strength,No
24,80.01,2,Mon,AM,HIIT,Yes
14,86.68,2,Mon,AM,HIIT,No
6,72.56,2,Mon,PM,HIIT,No
16,84.24,10,Fri,AM,Cycling,Yes
19,71.64,10,Fri,AM,HIIT,Yes
9,95.9,10,Fri,AM,HIIT,No
25,85.75,10,Fri,AM,Aqua,Yes
8,92.16,2,Mon,AM,HIIT,No
22,74.67,7,Thu,PM,Cycling,No
7,83.26,3,Tue,PM,Cycling,No
20,81.84,10,Fri,AM,HIIT,No
6,95.1,4,Tue,AM,HIIT,No
6,93.61,10,Fri,AM,HIIT,No
16,79.57,8,Thu,AM,Cycling,No
8,72.67,2,Mon,AM,HIIT,No
14,87.9,12,Sat,AM,Cycling,No
3,95.75,12,Sat,AM,Strength,No
19,83.51,4,Tue,AM,Strength,Yes
14,78.42,6,Wed,PM,HIIT,No
21,82.87,9,Thu,AM,Cycling,Yes
11,70.91,4,Tue,PM,Aqua,No
9,74.85,2,Mon,AM,HIIT,No
34,72.59,15,Sun,PM,HIIT,Yes
5,99.3,8,Thu,AM,HIIT,No
13,87.37,10,Fri,AM,Cycling,No
40,71.78,10,Fri,AM,Yoga,Yes
7,81.69,12,Sat,AM,Cycling,Yes
33,83.91,15,Sun,AM,HIIT,Yes
3,80.49,10,Fri,AM,Strength,No
3,112.22,12,Sat,AM,HIIT,No
11,92.82,8,Thu,PM,HIIT,No
6,96.07,8,Thu,AM,Strength,No
36,67.08,14,Sun,AM,Cycling,No
9,98.34,14,Sun,AM,HIIT,No
5,100.69,8,Thu,AM,HIIT,Yes
10,79.31,11,Fri,AM,Strength,No
9,84.67,14,Sun,AM,HIIT,No
3,127.59,8,Thu,AM,Cycling,No
36,77.6,1,Mon,PM,Cycling,Yes
12,69.33,4,Tue,AM,Strength,No
8,89.72,10,Fri,AM,Cycling,No
31,79.68,14,Sun,AM,Aqua,No
4,81.9,4,Tue,AM,HIIT,No
12,84.13,29,Sun,PM,Strength,No
5,72.36,11,Thu,PM,Cycling,No
15,88.75,14,Sun,AM,Aqua,No
20,67.33,10,Fri,AM,HIIT,Yes
10,70.79,6,Wed,PM,Cycling,No
9,80.3,15,Sun,PM,Yoga,No
20,78.86,10,Fri,AM,Cycling,Yes
9,82.14,10,Thu,PM,HIIT,No
11,84.37,2,Mon,AM,Aqua,Yes
45,73.82,4,Tue,AM,HIIT,Yes
13,87.91,10,Fri,AM,HIIT,No
14,68.96,14,Sun,AM,Aqua,No
11,87.59,2,Mon,AM,Strength,No
6,85.07,6,Wed,PM,Cycling,No
6,93.9,5,Tue,PM,HIIT,No
32,69.71,10,Thu,PM,Strength,Yes
9,102.31,14,Sun,AM,Cycling,Yes
15,74.44,12,Sat,AM,Strength,No
14,75.73,8,Mon,PM,HIIT,No
9,91.17,7,Wed,PM,Cycling,No
22,80.91,10,Fri,AM,Cycling,No
20,78.85,5,Wed,PM,HIIT,Yes
38,72.88,1,Mon,PM,HIIT,No
18,91.96,4,Tue,AM,Cycling,Yes
11,83.12,10,Fri,AM,HIIT,No
2,103.2,12,Sat,PM,HIIT,No
10,87.93,13,Sat,AM,Cycling,No
36,76.7,6,Wed,AM,Cycling,Yes
4,90.56,8,Thu,AM,Strength,No
52,83.2,10,Fri,AM,Cycling,Yes
12,89.83,12,Sat,AM,Cycling,No
8,73.43,14,Sun,AM,Cycling,No
12,82.08,4,Tue,AM,Yoga,No
8,83.58,10,Fri,AM,HIIT,No
15,60.48,2,Mon,AM,Strength,Yes
5,76.93,7,Wed,PM,HIIT,No
20,66.67,10,Fri,AM,HIIT,No
5,92.9,5,Wed,PM,Cycling,No
7,78.69,10,Fri,AM,HIIT,No
16,71.7,14,Sun,AM,Strength,Yes
8,89.62,12,Sat,AM,Strength,No
15,76.31,12,Sat,AM,Strength,No
7,78.28,3,Tue,PM,Cycling,Yes
15,88.5,7,Thu,PM,HIIT,Yes
17,98.6,10,Fri,AM,Yoga,No
62,57.83,2,Mon,AM,HIIT,Yes
11,86.49,10,Fri,AM,HIIT,No
12,86.26,10,Fri,AM,Cycling,Yes
43,72.42,14,Sun,AM,HIIT,Yes
2,88.22,7,Thu,PM,Aqua,No
30,62.93,10,Fri,AM,HIIT,No
5,89.67,15,Sun,AM,HIIT,No
12,99.32,2,Mon,AM,Cycling,No
24,78.37,2,Mon,AM,HIIT,Yes
21,83.07,14,Sun,AM,Strength,Yes
12,67.23,5,Wed,PM,Yoga,No
10,85.31,12,Sat,PM,HIIT,No
17,77.19,14,Sun,AM,HIIT,Yes
4,71.49,14,Sun,AM,Strength,No
4,108.35,2,Mon,AM,HIIT,No
5,92.73,11,Fri,PM,Yoga,No
6,119.63,14,Sun,AM,Strength,No
21,69.62,3,Mon,PM,HIIT,Yes
10,101.37,10,Fri,AM,HIIT,No
23,68.06,8,Wed,PM,HIIT,No
24,69.93,15,Sun,AM,HIIT,Yes
20,79.93,8,Thu,PM,Cycling,No
7,99.82,8,Thu,AM,HIIT,No
5,86.12,10,Fri,AM,Cycling,No
22,82.79,2,Mon,AM,HIIT,No
10,90.65,8,Thu,AM,HIIT,No
20,91.6,8,Thu,AM,Cycling,No
7,93.33,2,Mon,AM,Cycling,No
5,93.5,2,Mon,AM,Cycling,No
12,86.94,8,Thu,AM,Strength,Yes
12,74.0,4,Tue,AM,HIIT,Yes
7,97.26,10,Fri,AM,HIIT,No
10,96.42,14,Sun,AM,HIIT,Yes
16,87.55,8,Thu,PM,Cycling,No
10,73.38,10,Fri,AM,HIIT,No
6,73.63,8,Thu,AM,Yoga,No
16,71.48,10,Fri,AM,HIIT,Yes
9,86.95,8,Thu,AM,Strength,Yes
7,83.9,7,Thu,PM,Strength,No
9,76.94,12,Sat,AM,HIIT,No
5,101.35,2,Mon,AM,-,No
10,82.38,6,Wed,PM,Aqua,No
12,80.56,2,Mon,AM,HIIT,Yes
18,63.47,2,Mon,AM,Cycling,No
14,78.59,14,Sun,AM,HIIT,No
5,90.51,11,Thu,PM,Yoga,No
6,69.03,6,Wed,AM,Strength,No
12,97.1,7,Wed,PM,HIIT,Yes
16,73.94,12,Sat,AM,Strength,No
9,87.62,10,Fri,AM,Cycling,No
31,66.13,14,Sun,AM,Cycling,No
20,75.51,4,Tue,AM,HIIT,No
9,88.9,8,Thu,AM,HIIT,No
5,111.45,10,Fri,AM,HIIT,No
6,75.8,14,Sun,AM,Cycling,No
8,96.91,8,Thu,AM,Strength,No
5,85.03,10,Fri,AM,Cycling,No
15,72.29,12,Sat,AM,HIIT,No
20,68.7,8,Thu,AM,Cycling,Yes
22,64.66,8,Thu,AM,Yoga,Yes
22,73.72,6,Wed,AM,Cycling,Yes
2,106.35,10,Fri,AM,HIIT,No
37,,11,Sat,PM,HIIT,Yes
11,71.54,8,Thu,AM,Strength,No
8,97.2,11,Sat,PM,Cycling,No
20,98.05,10,Fri,AM,Strength,Yes
28,,8,Thu,PM,HIIT,Yes
16,,10,Fri,AM,Cycling,No
19,88.18,12,Sat,PM,HIIT,Yes
10,,5,Tue,PM,HIIT,No
22,71.52,10,Fri,AM,Strength,Yes
6,92.03,12,Sat,AM,HIIT,No
12,75.48,12,Sat,AM,Cycling,No
8,80.34,10,Fri,AM,HIIT,No
20,77.02,8,Thu,AM,Yoga,No
4,83.66,4,Tue,AM,HIIT,No
8,99.26,12,Sat,AM,Aqua,No
55,73.66,4,Tue,AM,HIIT,Yes
10,80.73,12,Sat,PM,Cycling,No
10,85.15,4,Tue,PM,HIIT,No
15,73.13,12,Sat,AM,Cycling,No
7,71.88,1,Mon,PM,HIIT,No
7,97.03,10,Fri,AM,Strength,No
25,82.15,10,Fri,AM,Cycling,No
6,100.76,4,Tue,PM,Cycling,No
5,94.46,2,Mon,AM,HIIT,No
15,72.38,14,Sun,AM,HIIT,No
16,74.53,14,Sun,AM,Strength,No
11,88.59,6,Wed,PM,HIIT,No
18,66.05,12,Sat,AM,HIIT,No
15,71.89,8,Thu,AM,Yoga,No
4,82.25,14,Sun,AM,Strength,No
22,82.2,14,Sun,AM,Yoga,No
8,84.49,10,Fri,AM,Yoga,No
42,62.02,12,Sat,AM,HIIT,Yes
26,82.87,4,Tue,PM,HIIT,No
4,129.28,10,Fri,AM,Yoga,No
8,84.76,6,Wed,PM,Cycling,No
7,97.76,10,Fri,AM,Strength,No
16,81.66,10,Fri,AM,HIIT,No
4,123.9,7,Wed,AM,HIIT,No
3,95.73,2,Mon,PM,HIIT,No
14,87.57,10,Fri,AM,Cycling,No
15,68.26,10,Fri,AM,Cycling,No
8,82.16,10,Fri,AM,Strength,No
2,85.67,2,Mon,AM,HIIT,No
11,97.87,5,Tue,PM,Cycling,No
17,86.76,14,Sun,AM,HIIT,Yes
17,81.98,2,Mon,AM,HIIT,No
12,79.77,2,Mon,AM,Strength,No
10,88.28,2,Mon,AM,Yoga,No
17,71.35,4,Tue,PM,-,No
19,74.11,12,Sat,AM,Cycling,No
9,77.48,2,Mon,AM,Cycling,No
35,69.41,4,Tue,AM,HIIT,Yes
5,108.14,8,Thu,AM,Yoga,Yes
97,65.69,2,Mon,AM,HIIT,Yes
8,85.86,7,Wed,PM,HIIT,No
10,88.27,11,Thu,PM,Yoga,No
31,65.71,2,Mon,AM,HIIT,No
5,104.19,2,Mon,AM,HIIT,No
19,83.47,12,Sat,AM,Strength,No
9,96.53,7,Wed,PM,HIIT,No
15,72.35,6,Wed,PM,HIIT,No
7,77.76,7,Wed,PM,Strength,No
43,67.14,3,Tue,PM,HIIT,Yes
6,98.75,2,Mon,AM,Yoga,No
33,81.68,8,Thu,AM,HIIT,Yes
25,65.79,5,Tue,PM,HIIT,No
38,74.23,2,Mon,AM,HIIT,No
8,105.82,6,Wed,AM,Cycling,Yes
16,63.06,14,Sun,AM,Cycling,Yes
8,81.44,10,Fri,AM,HIIT,No
10,75.25,4,Tue,AM,HIIT,No
9,91.27,2,Mon,AM,Cycling,No
8,101.32,5,Tue,PM,Yoga,No
13,77.89,4,Tue,PM,Cycling,Yes
73,66.0,8,Thu,AM,HIIT,Yes
20,69.43,14,Sun,AM,Aqua,Yes
10,83.71,8,Thu,PM,HIIT,No
8,72.56,2,Mon,AM,Strength,No
9,93.47,8,Thu,PM,Strength,No
17,84.22,6,Wed,PM,Cycling,No
9,77.71,12,Sat,AM,HIIT,No
25,73.09,10,Fri,AM,Yoga,No
22,85.12,10,Fri,AM,Yoga,No
13,71.55,8,Thu,AM,HIIT,No
6,82.54,12,Sat,AM,Strength,No
10,82.81,2,Mon,AM,Aqua,No
11,74.57,14,Sun,PM,Strength,No
7,90.0,14,Sun,PM,Cycling,No
4,97.91,8,Thu,AM,Aqua,No
10,110.54,2,Mon,AM,HIIT,No
21,83.77,2,Mon,AM,Strength,Yes
12,77.09,10,Fri,AM,HIIT,No
33,82.2,10,Fri,AM,HIIT,Yes
17,69.11,4,Tue,AM,HIIT,No
38,60.68,8,Thu,PM,Strength,Yes
7,90.64,9,Tue,PM,HIIT,No
9,79.91,12,Sat,AM,HIIT,No
107,67.02,4,Tue,PM,HIIT,Yes
13,95.97,2,Mon,AM,Cycling,No
7,82.02,2,Mon,AM,Yoga,No
10,94.97,8,Thu,AM,Cycling,No
29,74.85,8,Thu,AM,Cycling,Yes
5,78.28,2,Mon,AM,HIIT,No
8,75.28,12,Sat,AM,Strength,No
16,71.36,14,Sun,AM,Cycling,Yes
9,79.54,15,Sun,PM,Yoga,No
9,83.07,2,Mon,AM,Strength,No
7,86.31,10,Fri,AM,Cycling,No
13,81.25,4,Tue,AM,HIIT,No
9,75.91,14,Sun,AM,Strength,No
22,66.78,10,Fri,AM,Aqua,Yes
16,87.0,10,Fri,AM,Yoga,Yes
6,80.74,8,Thu,PM,HIIT,No
24,68.93,15,Sun,PM,HIIT,Yes
9,73.8,12,Sat,AM,Strength,No
10,66.72,10,Wed,PM,HIIT,No
21,78.47,10,Fri,AM,HIIT,No
14,80.76,14,Sun,AM,Strength,No
29,72.52,10,Fri,AM,Yoga,Yes
34,75.34,10,Fri,AM,Cycling,No
148,71.09,7,Thu,PM,Aqua,Yes
19,82.98,4,Tue,AM,Cycling,No
20,87.83,8,Thu,AM,HIIT,Yes
9,99.29,8,Thu,AM,Cycling,No
10,111.31,10,Fri,AM,HIIT,No
38,78.83,10,Fri,AM,HIIT,Yes
13,112.39,8,Thu,AM,HIIT,No
7,91.88,12,Sat,AM,HIIT,Yes
8,90.12,12,Sat,AM,HIIT,No
33,80.96,10,Fri,AM,Cycling,Yes
4,86.88,4,Tue,AM,HIIT,No
10,81.98,15,Sun,PM,HIIT,No
18,88.77,14,Sun,AM,Cycling,Yes
38,82.68,10,Fri,AM,Cycling,Yes
5,91.71,10,Fri,AM,Cycling,No
40,68.7,14,Sun,AM,Cycling,Yes
10,75.94,4,Tue,AM,Cycling,No
13,76.99,14,Sun,PM,HIIT,No
11,74.75,10,Fri,AM,HIIT,No
5,90.06,6,Wed,AM,Cycling,No
19,103.99,2,Mon,AM,HIIT,Yes
6,86.67,10,Fri,AM,Yoga,No
39,86.12,12,Sat,AM,HIIT,Yes
38,68.1,14,Sun,AM,Cycling,Yes
6,86.75,4,Tue,AM,Yoga,No
11,77.92,10,Fri,AM,HIIT,Yes
6,92.29,8,Thu,AM,Cycling,No
1,112.5,12,Fri,PM,Yoga,No
15,77.96,14,Sun,AM,Cycling,No
6,77.55,14,Sun,AM,Strength,No
16,80.51,10,Fri,AM,Strength,No
12,97.11,8,Thu,AM,HIIT,Yes
9,74.76,8,Thu,AM,HIIT,No
10,85.67,2,Mon,AM,HIIT,No
6,117.19,10,Fri,AM,HIIT,No
9,81.99,14,Sun,AM,Yoga,No
19,79.46,3,Tue,PM,Cycling,No
2,79.12,6,Wed,AM,HIIT,No
30,74.91,7,Wed,PM,Yoga,No
8,75.42,10,Fri,AM,HIIT,Yes
11,78.65,2,Mon,AM,HIIT,No
11,71.35,14,Sun,AM,HIIT,No
14,94.11,14,Sun,AM,Yoga,No
16,,8,Thu,AM,Cycling,Yes
5,83.85,15,Fri,PM,Strength,Yes
12,83.1,13,Sun,PM,HIIT,No
8,84.64,8,Thu,AM,-,No
16,78.31,6,Wed,AM,Cycling,No
36,58.42,4,Mon,PM,HIIT,No
54,72.29,5,Tue,PM,HIIT,Yes
9,92.06,2,Mon,AM,HIIT,No
16,90.05,2,Mon,AM,Cycling,Yes
11,101.27,8,Thu,AM,HIIT,No
19,92.99,6,Wed,PM,Cycling,Yes
15,78.13,14,Sun,AM,HIIT,No
11,114.87,15,Sun,PM,HIIT,No
9,76.05,4,Tue,AM,HIIT,No
12,73.88,10,Fri,AM,HIIT,No
18,61.4,8,Thu,AM,HIIT,No
7,76.82,10,Fri,AM,Strength,No
10,74.35,3,Tue,PM,HIIT,No
48,68.39,10,Fri,AM,HIIT,Yes
4,109.09,4,Tue,PM,HIIT,No
111,60.66,2,Mon,AM,Strength,Yes
9,84.27,2,Mon,AM,Cycling,No
21,68.11,4,Tue,PM,Cycling,No
13,90.38,2,Mon,AM,Yoga,Yes
8,80.65,5,Wed,PM,HIIT,No
4,86.74,2,Mon,AM,Cycling,No
10,67.73,4,Tue,AM,HIIT,Yes
8,85.87,5,Wed,PM,Cycling,No
7,81.25,10,Fri,AM,HIIT,No
10,88.89,2,Mon,AM,HIIT,No
2,120.81,2,Mon,AM,Cycling,No
7,81.37,12,Sat,AM,Cycling,Yes
6,78.32,14,Sun,AM,HIIT,No
48,65.02,10,Fri,AM,HIIT,Yes
21,69.93,10,Fri,AM,HIIT,No
15,81.13,4,Tue,AM,HIIT,Yes
10,89.17,12,Sat,AM,HIIT,No
9,73.43,12,Sat,AM,HIIT,No
41,80.54,11,Sat,PM,Strength,Yes
5,84.22,4,Tue,AM,Cycling,No
26,67.17,10,Fri,AM,HIIT,Yes
11,90.45,2,Mon,AM,Cycling,Yes
11,86.3,10,Fri,AM,Cycling,No
15,78.07,8,Thu,AM,HIIT,No
17,71.49,4,Tue,PM,Yoga,No
7,112.71,14,Sun,AM,HIIT,No
18,78.68,12,Sat,AM,Yoga,No
10,65.33,10,Fri,AM,HIIT,Yes
13,98.58,4,Tue,AM,Cycling,No
10,89.43,10,Fri,AM,HIIT,No
11,78.28,12,Sat,AM,HIIT,No
22,78.21,4,Tue,AM,Cycling,No
12,78.44,12,Sat,AM,HIIT,Yes
9,69.62,2,Mon,AM,HIIT,No
13,108.49,15,Sun,PM,Cycling,No
7,78.74,2,Mon,AM,Strength,No
23,83.65,5,Tue,PM,Cycling,Yes
18,74.32,6,Wed,PM,HIIT,No
9,89.52,10,Fri,AM,HIIT,No
7,92.39,4,Tue,AM,HIIT,No
12,78.39,10,Fri,AM,HIIT,Yes
33,70.46,10,Fri,AM,Yoga,Yes
3,86.5,14,Sun,AM,Cycling,No
18,74.33,2,Mon,AM,Cycling,Yes
8,81.56,2,Mon,AM,-,No
18,75.16,15,Sun,AM,Cycling,No
16,84.73,4,Tue,AM,Cycling,Yes
18,84.65,2,Mon,AM,HIIT,Yes
9,69.85,8,Thu,AM,HIIT,No
25,75.26,14,Sun,AM,HIIT,Yes
11,64.78,2,Mon,AM,Cycling,Yes
7,91.65,14,Sun,AM,Yoga,No
47,71.17,12,Sat,AM,Yoga,Yes
20,65.61,12,Sat,AM,Cycling,Yes
11,55.41,10,Fri,AM,HIIT,No
7,100.32,2,Mon,AM,HIIT,No
25,72.79,4,Tue,AM,HIIT,No
13,95.46,2,Mon,AM,HIIT,No
7,79.29,4,Tue,AM,HIIT,No
25,73.49,8,Thu,PM,Aqua,Yes
29,86.05,10,Fri,AM,Cycling,No
73,66.5,2,Mon,AM,HIIT,Yes
5,103.62,2,Mon,AM,HIIT,No
13,72.58,12,Sat,AM,Strength,No
27,64.44,2,Mon,AM,HIIT,Yes
12,84.45,13,Sat,AM,Strength,No
17,67.46,8,Thu,AM,Cycling,No
69,77.26,8,Thu,AM,Yoga,Yes
10,84.1,14,Sun,AM,HIIT,No
11,82.16,13,Sat,AM,Yoga,No
2,108.13,14,Sun,AM,HIIT,No
6,95.82,4,Tue,AM,HIIT,No
13,92.64,10,Fri,AM,HIIT,Yes
7,97.28,4,Tue,PM,Aqua,No
29,74.22,8,Thu,PM,Cycling,Yes
16,83.76,2,Mon,AM,HIIT,No
7,88.76,12,Sat,AM,HIIT,No
11,68.33,8,Thu,AM,Strength,No
11,97.77,14,Sun,AM,HIIT,No
5,81.07,4,Tue,AM,HIIT,No
7,75.56,10,Fri,AM,HIIT,No
15,86.09,10,Fri,AM,HIIT,No
2,148.02,8,Thu,AM,HIIT,No
5,100.08,8,Thu,AM,HIIT,No
18,62.01,14,Sun,PM,Cycling,No
11,88.93,14,Sun,AM,HIIT,No
11,81.44,8,Thu,AM,HIIT,No
5,112.86,10,Fri,AM,Cycling,No
5,91.47,14,Sun,AM,Strength,No
17,79.56,8,Wed,PM,Strength,No
20,81.53,10,Fri,AM,HIIT,No
13,70.49,12,Sat,AM,Aqua,No
23,74.79,2,Mon,PM,Aqua,Yes
7,82.97,6,Wed,AM,HIIT,No
26,75.31,6,Wed,AM,Cycling,Yes
7,102.6,12,Sat,AM,HIIT,No
12,79.68,2,Mon,AM,HIIT,No
6,98.24,10,Fri,AM,HIIT,No
9,73.95,2,Mon,AM,-,No
14,87.44,10,Fri,AM,HIIT,No
11,84.58,14,Sun,AM,HIIT,Yes
11,63.69,4,Tue,AM,HIIT,No
3,124.3,12,Sat,PM,HIIT,No
3,97.38,2,Mon,AM,Cycling,No
15,84.82,2,Mon,AM,HIIT,Yes
32,74.37,12,Sat,AM,Cycling,Yes
9,86.87,14,Sun,AM,Cycling,No
4,87.26,2,Mon,AM,Yoga,No
3,112.47,10,Fri,AM,Strength,No
18,72.73,5,Wed,PM,HIIT,Yes
5,99.45,10,Fri,AM,Aqua,No
4,92.01,13,Sun,PM,HIIT,No
25,69.54,2,Mon,AM,Yoga,No
18,74.69,8,Thu,AM,Cycling,No
21,87.43,12,Sat,PM,Strength,No
8,92.4,2,Mon,AM,Aqua,Yes
2,108.82,10,Fri,AM,HIIT,No
10,82.86,5,Wed,PM,HIIT,No
11,77.56,7,Thu,PM,HIIT,No
7,78.46,6,Wed,AM,HIIT,No
18,76.3,4,Tue,AM,HIIT,Yes
12,100.05,8,Thu,PM,HIIT,No
16,67.94,12,Sat,AM,Aqua,Yes
7,79.69,3,Mon,AM,Cycling,No
27,67.79,12,Sat,AM,HIIT,Yes
21,69.44,14,Sun,AM,HIIT,Yes
12,93.43,10,Fri,AM,HIIT,Yes
8,80.72,14,Sun,AM,Cycling,No
10,89.19,8,Thu,AM,Cycling,No
19,84.75,9,Fri,PM,HIIT,Yes
13,71.22,3,Mon,AM,Yoga,No
5,93.99,14,Sun,AM,Cycling,No
11,72.21,13,Sat,PM,HIIT,No
28,87.19,2,Mon,AM,Strength,Yes
6,104.74,4,Tue,PM,Cycling,No
37,66.89,10,Fri,AM,Yoga,Yes
8,80.38,2,Mon,AM,Cycling,No
13,76.5,2,Mon,AM,Cycling,No
55,67.57,5,Tue,PM,Cycling,Yes
18,98.25,12,Sat,AM,HIIT,Yes
9,73.58,8,Thu,AM,Strength,No
7,90.73,8,Thu,AM,Cycling,No
19,74.67,10,Fri,AM,Yoga,No
13,87.31,12,Sat,AM,Strength,No
24,65.01,3,Mon,AM,Yoga,Yes
16,83.87,15,Sun,AM,Cycling,No
24,73.47,12,Sat,AM,HIIT,Yes
9,87.94,10,Fri,AM,HIIT,No
9,74.13,14,Sun,AM,Strength,No
23,86.62,12,Sat,AM,HIIT,No
28,73.78,5,Wed,PM,HIIT,Yes
31,70.98,4,Tue,AM,HIIT,Yes
7,73.95,2,Mon,AM,Cycling,No
5,78.28,7,Wed,AM,HIIT,No
21,74.06,12,Sat,AM,Strength,No
12,72.0,12,Sat,AM,HIIT,No
16,76.12,8,Thu,AM,Strength,No
16,70.3,13,Sat,PM,Cycling,No
16,67.38,2,Mon,AM,HIIT,No
3,98.53,8,Thu,PM,HIIT,No
9,109.23,2,Mon,AM,HIIT,No
20,103.58,8,Thu,AM,Cycling,Yes
20,66.15,10,Fri,AM,HIIT,Yes
4,84.12,8,Thu,AM,HIIT,No
12,78.79,2,Mon,AM,HIIT,No
8,70.84,12,Sat,AM,HIIT,No
14,83.16,10,Thu,PM,Strength,No
6,93.32,8,Mon,PM,HIIT,No
21,76.77,8,Thu,AM,Cycling,No
27,78.81,10,Fri,AM,HIIT,Yes
9,118.89,14,Sun,PM,HIIT,No
28,68.42,8,Thu,AM,HIIT,No
8,97.95,3,Tue,PM,Strength,No
39,88.82,10,Fri,AM,HIIT,Yes
10,88.58,2,Mon,AM,HIIT,Yes
8,84.64,4,Tue,AM,HIIT,No
5,71.91,12,Sat,AM,HIIT,No
13,92.63,14,Sun,AM,HIIT,Yes
8,92.24,2,Mon,AM,Strength,No
10,85.44,4,Tue,AM,HIIT,Yes
5,92.47,3,Tue,PM,HIIT,No
9,82.13,10,Thu,PM,HIIT,No
18,87.7,7,Wed,PM,Cycling,No
4,78.5,5,Tue,PM,HIIT,No
4,,2,Mon,AM,Aqua,No
7,80.38,8,Thu,AM,HIIT,No
20,80.4,13,Sat,AM,HIIT,No
15,61.91,14,Sun,PM,Yoga,Yes
8,91.58,8,Thu,AM,HIIT,No
7,,8,Thu,AM,HIIT,No
23,84.66,2,Mon,AM,Cycling,Yes
15,97.98,10,Fri,AM,HIIT,Yes
47,69.81,10,Fri,AM,HIIT,No
6,79.9,12,Sat,AM,Yoga,No
20,60.1,2,Mon,AM,Aqua,No
8,84.11,6,Wed,AM,Cycling,No
18,80.93,2,Mon,AM,Aqua,No
14,87.14,10,Fri,AM,HIIT,No
13,87.5,4,Tue,AM,HIIT,No
7,92.87,14,Sun,AM,HIIT,No
3,105.88,10,Fri,AM,Strength,No
33,81.55,8,Thu,AM,Cycling,Yes
12,80.8,4,Tue,PM,HIIT,No
12,84.1,4,Tue,AM,HIIT,No
13,96.94,10,Fri,AM,HIIT,No
9,83.35,6,Wed,AM,Cycling,Yes
20,73.04,14,Sun,AM,HIIT,No
6,80.26,8,Wed,PM,HIIT,No
6,81.44,2,Mon,AM,HIIT,No
25,67.46,8,Thu,AM,HIIT,Yes
6,89.99,8,Thu,PM,Yoga,No
12,72.33,14,Sun,AM,Cycling,Yes
5,85.46,11,Fri,AM,Cycling,No
30,66.24,10,Fri,AM,HIIT,Yes
10,102.02,2,Mon,AM,Yoga,No
3,86.08,2,Mon,AM,HIIT,No
24,73.49,4,Tue,AM,Strength,Yes
29,71.22,12,Sat,AM,HIIT,Yes
58,64.11,14,Sun,AM,HIIT,Yes
16,76.18,13,Sun,PM,Cycling,Yes
13,72.14,10,Fri,AM,Strength,Yes
52,58.24,4,Tue,AM,Aqua,Yes
53,61.2,4,Tue,AM,HIIT,Yes
4,86.59,12,Sat,AM,Strength,No
58,74.48,11,Sat,PM,Strength,Yes
21,98.24,8,Thu,AM,HIIT,Yes
10,105.54,2,Mon,AM,Aqua,No
9,83.71,6,Wed,AM,HIIT,No
6,80.45,12,Sat,AM,Cycling,No
13,81.79,14,Sun,AM,Cycling,No
6,101.8,6,Wed,PM,HIIT,No
11,87.41,10,Fri,AM,Cycling,No
14,,10,Fri,AM,HIIT,No
8,76.99,4,Tue,AM,HIIT,No
9,86.35,9,Thu,PM,HIIT,Yes
17,68.89,8,Thu,AM,Cycling,Yes
6,90.6,14,Sat,PM,HIIT,No
14,79.86,14,Sun,AM,Cycling,No
32,77.57,6,Wed,AM,Cycling,No
7,74.35,15,Sun,AM,Cycling,Yes
22,75.59,8,Thu,AM,HIIT,No
9,80.75,8,Thu,PM,Cycling,No
8,93.36,13,Sat,PM,HIIT,No
11,76.3,12,Sat,AM,Cycling,No
16,86.86,10,Fri,AM,Cycling,No
26,70.25,8,Thu,AM,HIIT,No
26,74.46,10,Fri,AM,HIIT,No
38,77.43,6,Wed,AM,Cycling,Yes
25,74.69,10,Fri,AM,Cycling,Yes
18,74.43,10,Fri,AM,HIIT,Yes
14,76.24,10,Fri,AM,HIIT,Yes
8,93.5,8,Thu,AM,HIIT,Yes
21,83.77,8,Thu,AM,HIIT,No
20,66.31,14,Sun,AM,HIIT,No
19,98.45,10,Fri,AM,Cycling,No
5,80.71,10,Fri,AM,Strength,No
19,67.86,12,Sat,AM,Strength,No
53,68.17,14,Sun,AM,Strength,No
14,75.22,4,Tue,AM,HIIT,No
8,89.39,7,Thu,PM,HIIT,No
17,87.69,10,Fri,AM,Cycling,No
20,76.03,10,Fri,AM,Cycling,No
8,100.23,2,Mon,AM,HIIT,Yes
5,107.38,2,Mon,AM,Cycling,No
11,83.37,6,Wed,AM,Cycling,No
19,79.44,10,Fri,AM,HIIT,No
2,92.87,10,Fri,AM,Strength,No
18,73.05,2,Mon,AM,HIIT,Yes
6,94.94,2,Mon,AM,Strength,No
6,85.36,14,Sun,AM,HIIT,No
5,101.1,10,Fri,AM,HIIT,No
13,91.43,10,Fri,AM,HIIT,Yes
21,69.0,4,Tue,PM,Yoga,Yes
4,102.62,14,Sun,AM,Cycling,No
10,80.77,8,Thu,AM,Yoga,Yes
11,80.16,3,Mon,AM,HIIT,No
4,102.92,10,Fri,AM,Strength,No
10,79.32,12,Sat,AM,HIIT,Yes
7,81.29,14,Sun,AM,Cycling,No
9,89.78,10,Fri,AM,HIIT,No
9,110.07,14,Sun,AM,HIIT,No
8,89.73,4,Tue,AM,HIIT,No
8,77.16,12,Fri,PM,HIIT,No
38,73.54,12,Sat,AM,Yoga,Yes
9,87.38,4,Tue,AM,HIIT,No
10,76.13,8,Thu,AM,HIIT,No
11,78.56,12,Sat,AM,HIIT,Yes
41,72.5,10,Fri,AM,HIIT,Yes
3,87.74,14,Sun,AM,Cycling,No
7,64.63,4,Tue,PM,HIIT,No
8,76.09,10,Fri,AM,HIIT,No
25,70.57,4,Tue,AM,HIIT,Yes
14,72.28,13,Sun,PM,HIIT,No
15,92.56,6,Wed,AM,HIIT,Yes
18,68.84,10,Fri,AM,HIIT,No
8,75.32,7,Thu,PM,Cycling,No
13,77.37,12,Wed,PM,HIIT,No
10,97.13,1,Mon,PM,HIIT,No
39,76.59,2,Mon,AM,Cycling,Yes
2,107.87,3,Tue,PM,Strength,No
14,73.37,7,Thu,PM,Yoga,Yes
26,65.88,2,Mon,AM,HIIT,No
13,71.99,6,Wed,AM,Strength,No
34,63.04,10,Fri,AM,Cycling,No
13,88.57,12,Sat,AM,Aqua,Yes
7,103.46,12,Sat,AM,Cycling,No
5,,12,Sat,AM,Strength,No
12,88.38,9,Thu,PM,HIIT,No
18,70.63,14,Sun,AM,Strength,Yes
15,83.72,4,Tue,AM,Cycling,No
21,67.81,4,Tue,PM,HIIT,No
10,80.23,12,Sat,AM,Aqua,No
28,62.02,10,Fri,AM,Aqua,Yes
16,87.89,15,Thu,PM,HIIT,No
16,81.34,10,Fri,AM,Cycling,No
20,94.39,8,Thu,AM,Cycling,Yes
15,69.29,8,Thu,AM,HIIT,No
18,79.71,4,Tue,AM,HIIT,Yes
21,81.88,6,Wed,AM,Aqua,No
13,82.28,12,Sat,AM,Strength,No
6,84.85,10,Fri,AM,Cycling,No
5,113.16,4,Tue,PM,HIIT,No
16,74.09,1,Mon,PM,Cycling,Yes
6,107.06,10,Fri,AM,Cycling,No
9,81.36,2,Mon,AM,HIIT,Yes
12,102.84,2,Mon,PM,Strength,No
9,85.91,4,Tue,PM,HIIT,Yes
12,68.15,2,Mon,AM,HIIT,No
8,75.38,10,Fri,AM,Yoga,No
23,94.94,1,Mon,PM,Cycling,Yes
5,94.46,14,Sun,AM,Strength,No
33,65.48,10,Fri,AM,Strength,No
8,85.39,8,Thu,AM,Yoga,No
34,58.95,14,Sun,AM,HIIT,Yes
11,69.41,4,Tue,AM,HIIT,No
14,80.54,10,Fri,AM,Aqua,No
14,73.31,12,Sat,AM,Cycling,No
15,89.8,5,Tue,PM,Strength,No
16,80.54,8,Thu,AM,Strength,Yes
6,101.17,12,Sat,AM,Cycling,No
7,90.14,10,Fri,AM,HIIT,No
15,104.35,14,Sun,AM,HIIT,No
14,85.49,4,Tue,AM,HIIT,No
10,72.93,4,Tue,AM,Cycling,Yes
24,65.4,4,Tue,AM,HIIT,Yes
6,83.13,9,Thu,PM,Cycling,No
11,76.69,2,Mon,PM,HIIT,No
14,84.82,2,Mon,AM,Aqua,No
6,98.55,4,Tue,PM,Yoga,No
8,89.14,12,Sat,AM,Cycling,No
31,70.14,14,Sun,AM,Cycling,Yes
13,98.72,8,Thu,AM,HIIT,No
13,75.8,12,Sat,AM,Aqua,No
20,79.56,14,Sun,AM,Strength,Yes
9,82.29,2,Mon,PM,Cycling,No
14,69.96,8,Thu,AM,HIIT,No
23,70.26,2,Mon,AM,HIIT,No
10,79.89,10,Fri,AM,HIIT,No
18,82.93,12,Sat,AM,HIIT,No
8,85.28,2,Mon,AM,HIIT,No
7,104.27,4,Tue,AM,HIIT,No
11,80.36,8,Thu,AM,HIIT,Yes
45,73.9,4,Tue,AM,Aqua,Yes
9,81.29,12,Sat,AM,HIIT,No
57,68.35,8,Thu,AM,HIIT,Yes
6,79.01,9,Thu,PM,Yoga,No
3,86.92,8,Thu,AM,Cycling,No
13,78.43,4,Tue,PM,HIIT,No
29,,8,Thu,PM,HIIT,Yes
13,95.47,6,Wed,AM,Strength,No
14,68.75,3,Mon,AM,Aqua,Yes
10,91.96,8,Thu,AM,HIIT,No
12,107.34,4,Tue,PM,HIIT,Yes
27,63.85,12,Sat,AM,HIIT,Yes
9,81.65,8,Thu,AM,Strength,No
12,62.92,17,Sun,PM,Aqua,No
23,90.78,12,Sat,AM,Cycling,No
11,87.9,4,Tue,AM,HIIT,Yes
7,77.96,2,Mon,AM,HIIT,No
29,77.95,17,Sun,PM,HIIT,Yes
23,70.88,2,Mon,AM,Cycling,No
18,90.76,10,Fri,AM,HIIT,No
7,73.19,5,Wed,PM,Cycling,No
8,86.87,10,Fri,AM,HIIT,Yes
20,84.64,2,Mon,AM,Strength,No
16,88.34,2,Mon,AM,Strength,Yes
14,103.33,8,Thu,AM,HIIT,No
22,69.52,14,Sun,AM,Strength,Yes
7,73.57,10,Fri,AM,HIIT,No
11,69.2,14,Sun,PM,Strength,No
12,72.51,2,Mon,AM,HIIT,No
41,61.37,5,Tue,PM,HIIT,Yes
11,68.87,10,Fri,AM,-,No
54,67.03,3,Mon,AM,HIIT,Yes
8,95.86,4,Tue,AM,Cycling,No
11,92.16,9,Thu,PM,Cycling,No
8,79.42,7,Thu,PM,Cycling,No
15,79.43,14,Sun,PM,HIIT,No
51,63.59,8,Thu,AM,HIIT,Yes
12,76.56,2,Mon,AM,HIIT,Yes
57,69.95,10,Fri,AM,HIIT,No
12,82.03,4,Tue,AM,HIIT,No
23,71.0,6,Wed,AM,Cycling,No
8,79.36,12,Sat,AM,HIIT,No
6,71.74,8,Thu,PM,Cycling,No
13,84.03,10,Fri,AM,Strength,No
9,62.72,10,Fri,AM,HIIT,No
13,78.39,12,Sat,AM,Cycling,No
42,76.55,14,Sun,AM,HIIT,Yes
3,78.67,14,Sun,AM,HIIT,No
14,78.53,8,Thu,AM,Yoga,No
7,78.08,2,Mon,AM,Aqua,No
17,,2,Mon,AM,Strength,No
15,93.03,6,Wed,AM,HIIT,No
20,85.5,4,Tue,PM,HIIT,Yes
23,78.81,8,Thu,PM,Cycling,No
11,81.43,9,Fri,PM,Strength,No
36,65.78,6,Wed,AM,Cycling,No
21,63.04,2,Mon,AM,HIIT,No
5,115.91,14,Sun,PM,HIIT,No
17,82.26,10,Fri,AM,Yoga,No
2,113.93,12,Sat,AM,Yoga,No
5,82.61,12,Sat,AM,Yoga,No
13,86.73,10,Fri,AM,HIIT,No
23,73.8,10,Fri,AM,HIIT,Yes
29,68.84,4,Tue,PM,Strength,Yes
6,84.3,12,Sat,AM,Aqua,No
8,89.81,12,Sat,AM,HIIT,No
26,74.59,12,Sat,AM,Cycling,No
4,71.07,12,Sat,PM,HIIT,No
11,85.41,2,Mon,AM,HIIT,Yes
16,76.97,4,Tue,AM,HIIT,No
11,99.29,10,Fri,AM,HIIT,No
11,89.99,6,Wed,AM,Cycling,No
19,65.65,4,Tue,AM,HIIT,Yes
15,66.24,8,Thu,AM,HIIT,No
35,63.28,8,Thu,AM,HIIT,Yes
35,67.64,4,Tue,PM,HIIT,Yes
10,100.37,12,Sat,PM,HIIT,No
6,94.41,4,Tue,AM,Cycling,No
42,64.79,10,Fri,AM,HIIT,No
23,71.12,10,Fri,AM,HIIT,Yes
37,78.84,14,Sun,AM,Cycling,Yes
3,95.63,10,Fri,AM,Cycling,No
5,82.28,14,Sun,AM,Aqua,No
12,67.59,8,Thu,AM,HIIT,No
3,101.97,12,Sat,AM,Strength,No
6,102.68,14,Sun,AM,HIIT,No
12,72.82,10,Fri,AM,HIIT,No
6,113.19,14,Sun,AM,Cycling,No
7,89.99,14,Sun,AM,HIIT,No
9,104.31,10,Fri,AM,HIIT,No
19,72.34,8,Thu,AM,Strength,Yes
7,89.22,9,Thu,PM,Cycling,No
8,81.45,4,Tue,AM,Cycling,No
90,58.13,14,Sun,AM,HIIT,Yes
22,68.88,8,Thu,PM,HIIT,Yes
19,79.09,8,Thu,PM,HIIT,Yes
19,69.63,10,Fri,AM,HIIT,Yes
7,86.0,17,Sun,PM,HIIT,No
21,65.79,10,Fri,AM,HIIT,Yes
22,61.15,2,Mon,AM,Strength,No
20,76.14,4,Tue,AM,HIIT,Yes
3,101.27,6,Wed,AM,HIIT,No
37,77.97,14,Sat,PM,HIIT,No
20,81.06,2,Mon,AM,Cycling,Yes
15,71.29,2,Mon,AM,HIIT,No
6,70.71,12,Sat,AM,Cycling,No
26,100.26,14,Sun,AM,Cycling,No
8,96.19,2,Mon,AM,Aqua,No
5,92.65,2,Mon,AM,Strength,No
8,92.84,10,Fri,AM,Cycling,No
6,69.47,12,Sat,AM,HIIT,No
6,87.93,12,Sat,AM,Cycling,No
9,100.55,14,Sun,AM,Cycling,No
105,66.07,12,Sat,AM,Cycling,Yes
20,75.03,8,Thu,AM,HIIT,No
13,83.12,10,Fri,AM,HIIT,Yes
37,73.32,2,Mon,AM,Strength,Yes
10,83.37,3,Mon,AM,Strength,No
21,66.49,6,Wed,AM,Cycling,No
57,70.39,14,Sun,AM,Cycling,Yes
9,79.12,13,Sun,PM,Strength,No
19,70.41,14,Sun,AM,HIIT,No
6,98.42,10,Fri,AM,HIIT,No
23,75.49,10,Fri,AM,Cycling,No
6,97.94,7,Thu,PM,Cycling,No
6,83.98,4,Tue,AM,Cycling,No
12,82.89,12,Sat,AM,HIIT,No
7,89.21,4,Tue,PM,HIIT,Yes
21,76.6,12,Sat,AM,Cycling,Yes
5,107.55,6,Wed,AM,Aqua,No
29,77.57,2,Mon,PM,Cycling,Yes
4,96.87,6,Wed,AM,HIIT,No
16,83.93,8,Thu,AM,Cycling,No
3,90.91,8,Thu,AM,Cycling,No
8,75.74,10,Wed,PM,Cycling,No
10,79.01,2,Mon,AM,HIIT,No
8,81.06,4,Tue,PM,HIIT,No
19,76.8,12,Sat,AM,Aqua,No
6,82.57,2,Mon,AM,Cycling,No
18,96.81,13,Sat,PM,Cycling,No
13,72.13,3,Tue,PM,Strength,No
19,70.64,7,Thu,PM,Aqua,No
15,75.63,12,Sat,AM,HIIT,No
6,116.26,4,Tue,AM,HIIT,No
13,101.34,14,Sun,PM,Strength,No
5,133.36,2,Mon,AM,Cycling,No
22,83.28,4,Tue,PM,HIIT,No
9,83.0,8,Thu,AM,Strength,No
11,76.05,10,Fri,AM,Cycling,No
12,101.56,8,Thu,AM,HIIT,Yes
15,81.12,12,Sat,AM,Yoga,No
5,120.58,12,Sat,AM,Cycling,No
3,102.97,14,Sun,AM,Strength,No
19,83.96,10,Fri,AM,HIIT,No
9,82.62,10,Fri,AM,Yoga,No
16,83.92,9,Wed,PM,HIIT,No
16,73.52,8,Thu,AM,HIIT,Yes
1,106.04,4,Tue,AM,Yoga,No
8,78.3,12,Sat,AM,Strength,No
12,78.9,11,Wed,PM,HIIT,No
15,71.12,10,Fri,AM,HIIT,Yes
10,76.18,10,Fri,AM,HIIT,No
10,81.47,14,Sun,AM,Cycling,No
65,81.81,11,Sat,PM,Strength,Yes
6,77.02,8,Thu,AM,HIIT,No
28,76.94,2,Mon,AM,Strength,Yes
13,78.54,2,Mon,AM,HIIT,No
13,66.22,11,Sat,PM,Cycling,No
11,106.25,4,Tue,PM,HIIT,Yes
14,,4,Tue,AM,Cycling,No
17,84.44,2,Mon,AM,HIIT,No
19,77.58,10,Fri,PM,HIIT,Yes
7,105.02,16,Sun,PM,Yoga,No
14,90.07,12,Sat,AM,HIIT,Yes
11,69.61,10,Fri,AM,HIIT,Yes
7,81.46,14,Sun,AM,Yoga,No
15,66.06,15,Sun,PM,Aqua,No
39,77.84,11,Fri,AM,HIIT,No
20,75.34,10,Thu,PM,Cycling,Yes
11,75.72,10,Fri,AM,Cycling,No
32,73.05,2,Mon,AM,Strength,Yes
13,73.05,14,Sun,PM,HIIT,Yes
11,,10,Wed,PM,HIIT,No
6,89.52,9,Thu,PM,Cycling,No
27,75.63,9,Thu,PM,Yoga,Yes
11,89.04,7,Wed,PM,Cycling,No
38,85.69,6,Wed,AM,HIIT,Yes
7,76.58,2,Mon,AM,HIIT,No
13,76.75,10,Fri,AM,Strength,No
13,75.62,7,Wed,PM,Cycling,No
20,76.69,8,Thu,AM,Strength,No
14,70.29,8,Thu,AM,Cycling,Yes
6,96.62,8,Thu,AM,Strength,No
15,74.76,10,Fri,AM,HIIT,No
39,72.72,10,Fri,AM,HIIT,Yes
28,83.59,14,Sun,AM,-,Yes
9,97.62,14,Sun,AM,Strength,Yes
39,60.46,8,Thu,AM,HIIT,Yes
12,96.19,10,Fri,AM,Strength,Yes
29,69.87,11,Sat,PM,HIIT,Yes
55,62.92,6,Wed,PM,Cycling,Yes
19,64.09,14,Sun,PM,Yoga,No
39,81.53,6,Wed,AM,Yoga,No
14,71.04,6,Wed,PM,HIIT,No
6,105.3,7,Wed,PM,HIIT,No
12,70.37,2,Mon,AM,HIIT,Yes
4,109.66,14,Sun,AM,Strength,No
13,80.89,10,Fri,AM,Strength,No
22,88.9,4,Tue,AM,Yoga,Yes
9,85.32,8,Thu,AM,Cycling,No
6,87.67,8,Thu,AM,Yoga,No
5,93.33,14,Sun,AM,HIIT,No
12,77.86,13,Sat,PM,Strength,No
12,88.42,9,Thu,AM,Yoga,No
7,97.56,10,Fri,AM,HIIT,No
10,73.69,6,Wed,PM,Cycling,No
14,84.17,14,Sun,AM,HIIT,Yes
4,109.82,10,Fri,AM,HIIT,No
7,95.77,2,Mon,AM,HIIT,No
7,100.68,4,Tue,PM,HIIT,No
15,82.72,12,Sat,AM,Cycling,No
15,87.87,10,Fri,AM,Yoga,No
8,76.19,8,Thu,PM,HIIT,No
8,79.69,8,Thu,AM,Cycling,No
10,86.22,10,Fri,AM,Yoga,No
2,107.03,2,Mon,AM,Yoga,No
9,77.35,10,Fri,AM,Cycling,No
8,85.87,14,Sun,AM,HIIT,No
5,113.01,14,Sun,AM,HIIT,No
25,79.71,9,Thu,PM,Aqua,Yes
44,69.88,2,Mon,AM,HIIT,Yes
34,63.41,8,Thu,AM,Cycling,No
7,121.38,9,Thu,PM,Yoga,Yes
12,74.04,4,Tue,AM,Aqua,No
4,91.43,7,Wed,AM,Cycling,No
15,79.93,10,Fri,AM,HIIT,No
21,74.69,8,Thu,AM,Aqua,Yes
14,68.47,14,Sun,AM,HIIT,No
3,94.44,10,Fri,AM,HIIT,No
34,70.09,4,Tue,AM,HIIT,Yes
3,98.39,8,Thu,AM,HIIT,No
17,72.1,12,Sat,AM,Strength,No
6,113.32,11,Thu,PM,Cycling,No
29,89.55,2,Mon,AM,Strength,No
10,88.47,10,Fri,AM,Cycling,No
4,75.82,10,Fri,AM,Cycling,No
11,90.72,10,Fri,AM,Strength,No
9,83.21,12,Sat,AM,HIIT,No
3,110.18,8,Thu,PM,Strength,No
17,83.45,4,Tue,AM,Strength,Yes
8,73.98,7,Thu,PM,Cycling,No
8,73.85,3,Mon,AM,Strength,No
8,79.83,7,Thu,PM,Strength,No
3,105.26,10,Fri,AM,Cycling,No
7,76.11,12,Sat,AM,HIIT,No
11,85.39,4,Tue,AM,Strength,No
10,80.48,10,Fri,AM,Cycling,Yes
32,71.67,5,Wed,PM,Cycling,No
13,77.43,10,Fri,AM,-,No
6,91.52,10,Fri,AM,HIIT,No
3,81.58,10,Fri,AM,HIIT,No
25,84.04,15,Sun,PM,Cycling,No
5,90.34,2,Mon,PM,HIIT,No
12,75.82,12,Sat,AM,Cycling,Yes
8,83.35,12,Sat,PM,Strength,No
27,77.39,8,Thu,AM,Strength,Yes
10,,5,Tue,PM,HIIT,No
19,79.19,13,Sat,PM,Cycling,Yes
10,92.9,2,Mon,AM,HIIT,No
12,71.65,14,Sun,AM,HIIT,No
6,104.78,13,Sun,PM,Strength,No
7,79.38,14,Sun,AM,HIIT,No
8,81.32,4,Tue,AM,Cycling,No
5,,14,Sun,AM,HIIT,No
19,73.83,10,Fri,AM,Cycling,No
10,76.63,6,Wed,PM,Cycling,No
33,71.25,11,Fri,AM,Strength,Yes
18,99.91,12,Sat,AM,Strength,Yes
10,91.94,10,Fri,AM,Aqua,No
24,68.35,12,Sat,PM,Strength,Yes
6,92.37,8,Thu,AM,HIIT,No
16,81.5,4,Tue,AM,HIIT,Yes
25,71.39,12,Sat,PM,Aqua,No
10,73.94,10,Fri,AM,Cycling,No
33,74.65,4,Tue,PM,Cycling,No
13,73.28,12,Sat,AM,Strength,No
12,91.48,12,Sat,AM,Strength,No
7,80.6,14,Sun,AM,Cycling,Yes
5,71.74,6,Wed,PM,Strength,No
19,68.33,10,Fri,AM,Strength,No
15,69.83,3,Mon,AM,Cycling,No
8,73.28,14,Sun,AM,HIIT,No
17,77.38,6,Wed,PM,HIIT,No
24,75.74,10,Fri,AM,Strength,No
12,77.36,8,Thu,PM,Cycling,No
7,98.71,2,Mon,AM,Yoga,No
8,86.15,2,Mon,AM,HIIT,No
14,94.72,2,Mon,AM,Cycling,Yes
24,64.27,4,Tue,PM,Cycling,Yes
5,81.36,10,Fri,AM,HIIT,No
33,89.68,2,Mon,AM,Yoga,No
17,59.56,10,Fri,AM,Cycling,Yes
37,73.62,15,Sun,AM,Strength,Yes
7,80.56,12,Sat,AM,Strength,No
11,115.18,2,Mon,AM,Strength,No
5,71.81,10,Fri,AM,Strength,No
8,98.04,12,Sat,AM,Cycling,No
23,74.94,12,Sat,AM,Cycling,Yes
5,110.13,10,Fri,AM,HIIT,No
21,75.55,11,Fri,AM,Cycling,No
5,81.42,14,Sun,AM,HIIT,No
22,80.87,10,Fri,AM,Aqua,Yes
6,84.71,8,Thu,PM,Aqua,Yes
16,86.73,8,Thu,AM,Aqua,Yes
20,80.11,10,Fri,AM,Yoga,Yes
3,90.73,12,Sat,AM,Aqua,No
10,70.61,8,Thu,AM,HIIT,No
21,74.17,8,Thu,AM,HIIT,No
7,94.23,14,Sun,AM,Cycling,No
54,73.02,7,Wed,AM,HIIT,Yes
6,98.74,8,Thu,AM,HIIT,No
5,76.18,3,Tue,PM,Strength,No
15,77.2,10,Fri,AM,Cycling,No
17,85.26,6,Wed,AM,Yoga,No
6,95.66,3,Tue,PM,Cycling,No
13,73.31,12,Sat,PM,Cycling,No
13,73.96,8,Thu,AM,Yoga,No
